,label,MaxRank,Count1,Count2,Count3,Count4,Count5,BP1,BP2,BP3,BP4,BP5,Attack1,Attack2,Attack3,Attack4,Attack5,Turn1,Turn2,Turn3,Turn4,Turn5
0,OHS_WL000_A01,5,0,7,42,116,240,1,1,1,1,1,23,24,25,26,27,0,0,0,0,0
1,OHS_WL000_A02,5,0,7,42,116,240,1,1,1,1,1,22,23,24,25,26,0,0,0,0,0
2,OHS_WL000_PROTECT,3,0,3,36,999,999,3,2,1,1,1,100,100,100,100,100,0,0,0,0,0
3,OHS_WL000_A04,5,0,7,39,109,224,2,2,2,2,2,28,29,30,31,32,0,0,0,0,0
4,OHS_WL000_B01,5,0,5,31,85,176,5,5,5,5,5,45,46,47,48,50,0,0,0,0,0
5,OHS_WL000_B01_A,5,0,5,31,85,176,5,5,5,5,5,50,51,52,54,56,0,0,0,0,0
6,OHS_WLLSW_B01,5,0,7,39,109,224,2,2,2,2,2,28,29,30,31,32,0,0,0,0,0
7,OHS_WLLSW_B01_A,5,0,6,36,101,208,3,3,3,3,3,43,44,45,46,48,0,0,0,0,0
8,OHS_WLLSW_B02,5,0,6,36,101,208,3,3,3,3,3,28,29,30,31,32,0,0,0,0,0
9,OHS_WLLSW_B03,5,0,6,33,93,192,4,4,4,4,4,40,41,42,43,45,0,0,0,0,0
10,OHS_WLLSW_B04,5,0,5,31,85,176,5,5,5,5,5,47,48,49,50,52,0,0,0,0,0
11,OHS_WLRAP_A01,5,0,7,39,109,224,2,2,2,2,2,25,26,27,28,29,0,0,0,0,0
12,OHS_WLRAP_A02,5,0,6,36,101,208,3,3,3,3,3,28,29,30,31,32,0,0,0,0,0
13,OHS_WLRAP_B01,5,0,6,33,93,192,4,4,4,4,4,20,21,22,23,24,0,0,0,0,0
14,OHS_WLRAP_B02,5,0,5,31,85,176,5,5,5,5,5,45,46,47,48,50,0,0,0,0,0
15,OHS_WLDAG_A01,5,0,7,39,109,224,2,2,2,2,2,24,25,26,27,28,0,0,0,0,0
16,OHS_WLDAG_B01,5,0,6,36,101,208,3,3,3,3,3,31,32,33,34,35,0,0,0,0,0
17,OHS_WLDAG_B02,5,0,6,33,93,192,4,4,4,4,4,36,37,38,39,40,0,0,0,0,0
18,OHS_WLDAG_B03,5,0,5,31,85,176,5,5,5,5,5,67,68,70,72,74,0,0,0,0,0
19,OHS_WLAXE_A01,5,0,6,36,101,208,3,3,3,3,3,34,35,36,37,38,0,0,0,0,0
20,OHS_WLAXE_B01,5,0,6,33,93,192,4,4,4,4,4,66,67,68,70,72,0,0,0,0,0
21,OHS_WLAXE_B02,5,0,5,31,85,176,5,5,5,5,5,46,47,48,49,51,0,0,0,0,0
22,OHS_WLAXE_B03,5,0,5,28,77,160,6,6,6,6,6,53,54,55,57,59,0,0,0,0,0
23,OHS_WLAXE_B03_EX1_BASE,5,0,5,28,77,160,6,6,6,6,6,53,54,55,57,59,0,0,0,0,0
24,OHS_WLTSW_A01,5,0,5,31,85,176,5,5,5,5,5,51,52,53,55,57,0,0,0,0,0
25,OHS_WLTSW_B01,5,0,5,28,77,160,6,6,6,6,6,71,72,74,76,78,0,0,0,0,0
26,OHS_WLTSW_B02,5,0,5,28,77,160,6,6,6,6,6,90,91,93,95,98,0,0,0,0,0
27,THS_WH000_A01,5,0,7,39,109,224,2,2,2,2,2,32,33,34,35,36,0,0,0,0,0
28,THS_WH000_A02,5,0,6,36,101,208,3,3,3,3,3,37,38,39,40,41,0,0,0,0,0
29,THS_WH000_A02_SOUL_BASE,5,0,6,36,101,208,3,3,3,3,3,37,38,39,40,41,0,0,0,0,0
30,THS_WH000_PROTECT,3,0,3,36,999,999,3,2,1,1,1,60,60,60,60,60,0,0,0,0,0
31,THS_WH000_A04,5,0,6,33,93,192,4,4,4,4,4,42,43,44,45,47,0,0,0,0,0
32,THS_WH000_A04_SOUL_BASE,5,0,6,33,93,192,4,4,4,4,4,42,43,44,45,47,0,0,0,0,0
33,THS_WH000_B01,5,0,5,28,77,160,6,6,6,6,6,32,33,34,35,36,0,0,0,0,0
34,THS_WH000_B01_A,5,0,7,39,109,224,2,2,2,2,2,11,12,13,14,15,0,0,0,0,0
35,THS_WHGSW_A01,5,0,6,36,101,208,3,3,3,3,3,40,41,42,43,45,0,0,0,0,0
36,THS_WHGSW_A01_A,5,0,6,33,93,192,4,4,4,4,4,46,47,48,49,51,0,0,0,0,0
37,THS_WHGSW_B01,5,0,6,33,93,192,4,4,4,4,4,47,48,49,50,52,0,0,0,0,0
38,THS_WHGSW_B02,5,0,5,31,85,176,5,5,5,5,5,52,53,54,56,58,0,0,0,0,0
39,THS_WHGSW_B03,5,0,5,28,77,160,6,6,6,6,6,62,63,64,66,68,0,0,0,0,0
40,THS_WHGSW_B04,5,0,4,25,70,144,7,7,7,7,7,68,69,71,73,75,0,0,0,0,0
41,THS_WHSSW_A01,5,0,6,36,101,208,3,3,3,3,3,65,66,67,69,71,0,0,0,0,0
42,THS_WHSSW_B01,5,0,6,33,93,192,4,4,4,4,4,49,50,51,52,54,0,0,0,0,0
43,THS_WHSSW_B02,5,0,5,31,85,176,5,5,5,5,5,82,83,85,87,90,0,0,0,0,0
44,THS_WHSSW_B03,5,0,5,28,77,160,6,6,6,6,6,62,63,64,66,68,0,0,0,0,0
45,THS_WHSSW_B04,5,0,4,25,70,144,7,7,7,7,7,65,66,67,69,71,0,0,0,0,0
46,THS_WHSSW_B04_EX1_BASE,5,0,4,25,70,144,7,7,7,7,7,65,66,67,69,71,0,0,0,0,0
47,THS_WHPSW_A01,5,0,7,39,109,224,2,2,2,2,2,31,32,33,34,35,0,0,0,0,0
48,THS_WHPSW_A01_EX1_BASE,5,0,7,39,109,224,2,2,2,2,2,31,32,33,34,35,0,0,0,0,0
49,THS_WHPSW_B01,5,0,6,36,101,208,3,3,3,3,3,40,41,42,43,45,0,0,0,0,0
50,THS_WHPSW_B02,5,0,6,33,93,192,4,4,4,4,4,42,43,44,45,47,0,0,0,0,0
51,THS_WHPSW_B02_A,5,0,6,36,101,208,3,3,3,3,3,35,36,37,38,39,0,0,0,0,0
52,THS_WHPSW_B03,5,0,5,31,85,176,5,5,5,5,5,54,55,56,58,60,0,0,0,0,0
53,THS_WHPSW_B04,5,0,5,28,77,160,6,6,6,6,6,56,57,58,60,62,0,0,0,0,0
54,THS_WHPSW_B04_EX1_BASE,5,0,5,28,77,160,6,6,6,6,6,56,57,58,60,62,0,0,0,0,0
55,OHG_GL000_A01,5,0,7,42,116,240,1,1,1,1,1,21,22,23,24,25,0,0,0,0,0
56,OHG_GL000_A02,5,0,7,39,109,224,2,2,2,2,2,44,45,46,47,49,0,0,0,0,0
57,OHG_GL000_A04,5,0,7,39,109,224,2,2,2,2,2,44,45,46,47,49,0,0,0,0,0
58,OHG_GL000_A05,5,0,7,39,109,224,2,2,2,2,2,27,28,29,30,31,0,0,0,0,0
59,OHG_GL000_B01,5,0,7,39,109,224,2,2,2,2,2,29,30,31,32,33,0,0,0,0,0
60,OHG_GL000_B03,5,0,6,33,93,192,4,4,4,4,4,32,33,34,35,36,0,0,0,0,0
61,OHG_GL000_B04,5,0,6,36,101,208,3,3,3,3,3,49,50,51,52,54,0,0,0,0,0
62,OHG_GL000_B05,5,0,6,36,101,208,3,3,3,3,3,27,28,29,30,31,0,0,0,0,0
63,OHG_GL000_B06,5,0,6,33,93,192,4,4,4,4,4,40,41,42,43,45,0,0,0,0,0
64,OHG_GL000_B08,5,0,5,31,85,176,5,5,5,5,5,44,45,46,47,49,0,0,0,0,0
65,OHG_GLTWO_A01,5,0,5,31,85,176,5,5,5,5,5,60,61,62,64,66,0,0,0,0,0
66,OHG_GLTWO_A02,5,0,6,33,93,192,4,4,4,4,4,25,26,27,28,29,0,0,0,0,0
67,OHG_GLTWO_B01,5,0,5,28,77,160,6,6,6,6,6,31,32,33,34,35,0,0,0,0,0
68,OHG_SG000_B01,5,0,5,28,77,160,5,5,5,5,5,49,50,51,52,54,0,0,0,0,0
69,OHG_SG000_B02,5,0,6,33,93,192,4,4,4,4,4,43,44,45,46,48,0,0,0,0,0
70,OHG_SG000_B03,5,0,5,28,77,160,6,6,6,6,6,71,72,74,76,78,0,0,0,0,0
71,THG_GH000_A01,5,0,6,36,101,208,3,3,3,3,3,44,45,46,47,49,0,0,0,0,0
72,THG_GH000_A02,5,0,6,36,101,208,3,3,3,3,3,41,42,43,44,46,0,0,0,0,0
73,THG_GH000_A03,5,0,6,33,93,192,4,4,4,4,4,50,51,52,54,56,0,0,0,0,0
74,THG_GH000_A04,5,0,5,31,85,176,5,5,5,5,5,55,56,57,59,61,0,0,0,0,0
75,THG_GH000_B01,5,0,5,28,77,160,6,6,6,6,6,61,62,63,65,67,0,0,0,0,0
76,THG_GH000_B02,5,0,5,28,77,160,6,6,6,6,6,32,33,34,35,36,0,0,0,0,0
77,THG_GH000_B02_SOUL_BASE,5,0,5,28,77,160,6,6,6,6,6,32,33,34,35,36,0,0,0,0,0
78,THG_GHMAC_A01,5,0,6,36,101,208,3,3,3,3,3,44,45,46,47,49,0,0,0,0,0
79,THG_GHMAC_B01,5,0,6,33,93,192,4,4,4,4,4,25,26,27,28,29,0,0,0,0,0
80,THG_GHMAC_B02,5,0,5,31,85,176,5,5,5,5,5,73,74,76,78,80,0,0,0,0,0
81,THG_GHFLA_A01,5,0,6,36,101,208,3,3,3,3,3,44,45,46,47,49,0,0,0,0,0
82,THG_GHFLA_B01,5,0,6,33,93,192,4,4,4,4,4,52,53,54,56,58,0,0,0,0,0
83,THG_GHFLA_B02,5,0,5,28,77,160,6,6,6,6,6,65,66,67,69,71,0,0,0,0,0
84,THG_GHELE_A01,5,0,6,36,101,208,3,3,3,3,3,22,23,24,25,26,0,0,0,0,0
85,THG_GHELE_A02,5,0,6,33,93,192,4,4,4,4,4,49,50,51,52,54,0,0,0,0,0
86,THG_GHELE_B01,5,0,5,28,77,160,6,6,6,6,6,60,61,62,64,66,0,0,0,0,0
87,THG_GHBOM_A01,5,0,6,36,101,208,3,3,3,3,3,25,26,27,28,29,0,0,0,0,0
88,THG_GHBOM_B01,5,0,6,33,93,192,4,4,4,4,4,48,49,50,51,53,0,0,0,0,0
89,THG_GHBOM_B02,5,0,5,28,77,160,6,6,6,6,6,36,37,38,39,40,0,0,0,0,0
90,THG_GHCHE_A01,5,0,6,36,101,208,3,3,3,3,3,41,42,43,44,46,0,0,0,0,0
91,THG_GHCHE_B01,5,0,6,33,93,192,4,4,4,4,4,47,48,49,50,52,0,0,0,0,0
92,THG_GHCHE_B02,5,0,5,28,77,160,6,6,6,6,6,62,63,64,66,68,0,0,0,0,0
93,MAR_MA000_A01,5,0,7,42,116,240,1,1,1,1,1,20,21,22,23,24,0,0,0,0,0
94,MAR_MA000_A07,5,0,7,39,109,224,2,2,2,2,2,23,24,25,26,27,0,0,0,0,0
95,MAR_MA000_B03,5,0,6,36,101,208,3,3,3,3,3,32,33,34,35,36,0,0,0,0,0
96,MAR_MA000_B06,5,0,6,33,93,192,4,4,4,4,4,35,36,37,38,39,0,0,0,0,0
97,MAR_MA000_B08,5,0,5,31,85,176,5,5,5,5,5,42,43,44,45,47,0,0,0,0,0
98,MAR_MA000_A02,5,0,7,42,116,240,1,1,1,1,1,23,24,25,26,27,0,0,0,0,0
99,MAR_MA000_A08,5,0,6,36,101,208,3,3,3,3,3,33,34,35,36,37,0,0,0,0,0
100,MAR_MA000_B01,5,0,6,33,93,192,4,4,4,4,4,40,41,42,43,45,0,0,0,0,0
101,MAR_MA000_B04,5,0,5,31,85,176,5,5,5,5,5,47,48,49,50,52,0,0,0,0,0
102,MAR_MA000_B07,5,0,5,28,77,160,6,6,6,6,6,52,53,54,56,58,0,0,0,0,0
103,MAR_MA000_A04,5,0,7,39,109,224,2,2,2,2,2,29,30,31,32,33,0,0,0,0,0
104,MAR_MA000_A06,5,0,6,36,101,208,3,3,3,3,3,34,35,36,37,38,0,0,0,0,0
105,MAR_MA000_A09,5,0,6,33,93,192,4,4,4,4,4,41,42,43,44,46,0,0,0,0,0
106,MAR_MA000_B02,5,0,5,31,85,176,5,5,5,5,5,84,85,87,89,92,0,0,0,0,0
107,MAR_MA000_B09,5,0,5,28,77,160,6,6,6,6,6,50,51,52,54,56,0,0,0,0,0
108,MCH_M901_A01a,5,0,6,36,101,208,3,3,3,3,3,30,31,32,33,34,0,0,0,0,0
109,MCH_M905_B01a,5,0,5,28,77,160,6,6,6,6,6,50,51,52,54,56,0,0,0,0,0
110,MCH_M90X_A01a,5,0,7,42,116,240,1,1,1,1,1,24,25,26,27,28,0,0,0,0,0
111,MCH_M90X_A01a_A,5,0,7,39,109,224,2,2,2,2,2,29,30,31,32,33,0,0,0,0,0
112,MCH_M90X_A01a_B,5,0,7,42,116,240,1,1,1,1,1,9,10,11,12,13,0,0,0,0,0
113,MCH_M90X_A02a,5,0,7,39,109,224,2,2,2,2,2,29,30,31,32,33,0,0,0,0,0
114,MCH_M90X_A02a_A,5,0,7,39,109,224,2,2,2,2,2,29,30,31,32,33,0,0,0,0,0
115,MCH_M90X_A03a,5,0,7,39,109,224,2,2,2,2,2,45,46,47,48,50,0,0,0,0,0
116,MCH_M90X_A03a_A,5,0,7,39,109,224,2,2,2,2,2,31,32,33,34,35,0,0,0,0,0
117,MCH_M90X_A03a_B,5,0,7,42,116,240,1,1,1,1,1,24,25,26,27,28,0,0,0,0,0
118,MCH_M90X_A04a,1,0,6,18,101,208,3,3,3,3,3,0,1,2,3,4,0,0,0,0,0
119,MCH_M90X_A04a_B,1,0,7,21,116,240,1,1,1,1,1,0,1,2,3,4,0,0,0,0,0
120,MCH_M90X_A05a,5,0,6,36,101,208,3,3,3,3,3,32,33,34,35,36,0,0,0,0,0
121,MCH_M90X_A05a_A,5,0,6,36,101,208,3,3,3,3,3,50,51,52,54,56,0,0,0,0,0
122,MCH_M90X_A06a,3,0,3,36,999,999,3,2,1,1,1,60,60,60,60,60,0,0,0,0,0
123,MCH_M90X_B01a,5,0,6,33,93,192,4,4,4,4,4,35,36,37,38,39,0,0,0,0,0
124,MCH_M90X_B01a_A,5,0,6,36,101,208,3,3,3,3,3,18,19,20,21,22,0,0,0,0,0
125,MCH_M90X_B02a,5,0,6,33,93,192,4,4,4,4,4,38,39,40,41,42,0,0,0,0,0
126,MCH_M90X_B02a_A,5,0,5,31,85,176,5,5,5,5,5,45,46,47,48,50,0,0,0,0,0
127,MCH_M90X_B03a,5,0,5,31,85,176,5,5,5,5,5,46,47,48,49,51,0,0,0,0,0
128,MCH_M90X_B03a_A,5,0,6,33,93,192,4,4,4,4,4,37,38,39,40,41,0,0,0,0,0
129,MCH_M90X_B04a,5,0,5,31,85,176,5,5,5,5,5,47,48,49,50,52,0,0,0,0,0
130,MCH_M90X_B05a,5,0,5,28,77,160,6,6,6,6,6,31,32,33,34,35,0,0,0,0,0
131,MCH_M90X_B06a,5,0,5,28,77,160,6,6,6,6,6,46,47,48,49,51,0,0,0,0,0
132,MCH_Diva,5,0,4,25,70,144,7,7,7,7,7,76,77,79,81,83,0,0,0,0,0
133,MCH_M903_B01a,5,0,6,36,101,208,3,3,3,3,3,13,14,15,16,17,0,0,0,0,0
134,MCH_M904_B01a,5,0,6,33,93,192,4,4,4,4,4,51,52,53,55,57,0,0,0,0,0
135,MCH_M902_B01a,5,0,5,31,85,176,5,5,5,5,5,60,61,62,64,66,0,0,0,0,0
136,MCH_M90Y_A01a,5,0,7,42,116,240,1,1,1,1,1,21,22,23,24,25,0,0,0,0,0
137,MCH_M90Y_A01a_A,5,0,7,39,109,224,2,2,2,2,2,28,29,30,31,32,0,0,0,0,0
138,MCH_M90Y_A01a_B,5,0,7,42,116,240,1,1,1,1,1,15,16,17,18,19,0,0,0,0,0
139,MCH_M90Y_A02a,5,0,7,42,116,240,1,1,1,1,1,21,22,23,24,25,0,0,0,0,0
140,MCH_M90Y_A02a_A,5,0,7,39,109,224,2,2,2,2,2,29,30,31,32,33,0,0,0,0,0
141,MCH_M90Y_A03a,5,0,7,39,109,224,2,2,2,2,2,12,13,14,15,16,0,0,0,0,0
142,MCH_M90Y_A04a,5,0,6,36,101,208,3,3,3,3,3,61,62,63,65,67,0,0,0,0,0
143,MCH_M90Y_A05a,5,0,7,39,109,224,2,2,2,2,2,43,44,45,46,48,0,0,0,0,0
144,MCH_M90Y_A06a,5,0,6,36,101,208,3,3,3,3,3,33,34,35,36,37,0,0,0,0,0
145,MCH_M90Y_A07a,5,0,6,36,101,208,3,3,3,3,3,18,19,20,21,22,0,0,0,0,0
146,MCH_M90Y_A08a,5,0,6,33,93,192,4,4,4,4,4,40,41,42,43,45,0,0,0,0,0
147,MCH_M90Y_A08a_A,5,0,7,39,109,224,2,2,2,2,2,27,28,29,30,31,0,0,0,0,0
148,MCH_M90Y_A09a,5,0,5,31,85,176,5,5,5,5,5,42,43,44,45,47,0,0,0,0,0
149,MCH_M90Y_B01a,5,0,5,31,85,176,5,5,5,5,5,61,62,63,65,67,0,0,0,0,0
150,MCH_M90Y_B02a,5,0,6,33,93,192,4,4,4,4,4,51,52,53,55,57,0,0,0,0,0
151,MCH_M90Y_B03a,5,0,6,33,93,192,4,4,4,4,4,21,22,23,24,25,0,0,0,0,0
152,MCH_M90Y_B04a,5,0,5,28,77,160,6,6,6,6,6,30,31,32,33,34,0,0,0,0,0
153,MCH_M90Y_B05a,5,0,5,31,85,176,5,5,5,5,5,26,27,28,29,30,0,0,0,0,0
154,MCH_M90Y_B06a,5,0,4,25,70,144,7,7,7,7,7,69,70,71,73,75,0,0,0,0,0
155,MCH_M90Z_A01a,1,0,3,21,999,999,1,1,1,1,1,0,0,0,0,0,0,0,0,0,0
156,MCH_M90Z_A01a_2,1,0,3,19,999,999,2,1,1,1,1,0,0,0,0,0,0,0,0,0,0
157,MCH_M90Z_A02a,1,0,3,21,999,999,1,1,1,1,1,0,0,0,0,0,0,0,0,0,0
158,MCH_M90Z_A02a_2,1,0,3,19,999,999,2,1,1,1,1,0,0,0,0,0,0,0,0,0,0
159,MCH_M90Z_A03a,1,0,3,21,999,999,1,1,1,1,1,0,0,0,0,0,0,0,0,0,0
160,MCH_M90Z_A03a_2,1,0,3,19,999,999,2,1,1,1,1,0,0,0,0,0,0,0,0,0,0
161,MCH_M90Z_A04a,1,0,3,21,999,999,1,1,1,1,1,0,0,0,0,0,0,0,0,0,0
162,MCH_M90Z_A04a_2,1,0,3,19,999,999,2,1,1,1,1,0,0,0,0,0,0,0,0,0,0
163,MCH_M90Z_A05a,1,0,3,19,999,999,2,1,1,1,1,0,0,0,0,0,0,0,0,0,0
164,MCH_M90Z_A05a_2,1,0,3,21,999,999,1,1,1,1,1,0,0,0,0,0,0,0,0,0,0
165,MCH_M90Z_A06a,1,0,3,19,999,999,2,1,1,1,1,0,0,0,0,0,0,0,0,0,0
166,MCH_M90Z_A06a_2,1,0,3,21,999,999,1,1,1,1,1,0,0,0,0,0,0,0,0,0,0
167,MCH_M90Z_B01a,1,0,3,21,999,999,1,1,1,1,1,0,0,0,0,0,0,0,0,0,0
168,MCH_M90Z_B01a_2,1,0,3,19,999,999,2,1,1,1,1,0,0,0,0,0,0,0,0,0,0
169,MCH_M90Z_B02a,1,0,2,15,999,999,5,4,3,3,3,0,0,0,0,0,0,0,0,0,0
170,MCH_M90Z_B02a_2,1,0,3,18,999,999,3,2,1,1,1,0,0,0,0,0,0,0,0,0,0
171,MCH_M90Z_B03a,1,0,3,21,999,999,1,1,1,1,1,0,0,0,0,0,0,0,0,0,0
172,MCH_M90Z_B03a_2,1,0,3,19,999,999,2,1,1,1,1,0,0,0,0,0,0,0,0,0,0
173,MON_M054_A01a,5,0,7,42,116,240,1,1,1,1,1,23,24,25,26,27,0,0,0,0,0
174,MON_M001X_A01a,5,0,7,42,116,240,1,1,1,1,1,23,24,25,26,27,0,0,0,0,0
175,MON_M003_A01a,5,0,7,42,116,240,1,1,1,1,1,23,24,25,26,27,0,0,0,0,0
176,MON_M110_A01a,5,0,7,42,116,240,1,1,1,1,1,23,24,25,26,27,0,0,0,0,0
177,MON_M072X_A01a,5,0,7,42,116,240,1,1,1,1,1,23,24,25,26,27,0,0,0,0,0
178,MON_M000_A02a,5,0,7,42,116,240,1,1,1,1,1,20,21,22,23,24,0,0,0,0,0
179,MON_M000_A01a,5,0,6,36,101,208,3,3,3,3,3,29,30,31,32,33,0,0,0,0,0
180,MON_M000_A03a,5,0,6,36,101,208,3,3,3,3,3,53,54,55,57,59,0,0,0,0,0
181,MON_M000_A04a,5,0,6,36,101,208,3,3,3,3,3,53,54,55,57,59,0,0,0,0,0
182,MON_M000_A05a,5,0,6,36,101,208,3,3,3,3,3,53,54,55,57,59,0,0,0,0,0
183,MON_M001_A02a,5,0,7,39,109,224,2,2,2,2,2,25,26,27,28,29,0,0,0,0,0
184,MON_M001_A04a,5,0,6,33,93,192,4,4,4,4,4,62,63,64,66,68,0,0,0,0,0
185,MON_M002_A01a,5,0,7,42,116,240,1,1,1,1,1,21,22,23,24,25,0,0,0,0,0
186,MON_M002_A02a,5,0,7,39,109,224,2,2,2,2,2,28,29,30,31,32,0,0,0,0,0
187,MON_M002_A05a,5,0,6,33,93,192,4,4,4,4,4,43,44,45,46,48,0,0,0,0,0
188,MON_M002_A04a,5,0,6,36,101,208,3,3,3,3,3,33,34,35,36,37,0,0,0,0,0
189,MON_M002_A03a,5,0,7,39,109,224,2,2,2,2,2,31,32,33,34,35,0,0,0,0,0
190,MON_M002_A03a_A,5,0,7,39,109,224,2,2,2,2,2,22,23,24,25,26,0,0,0,0,0
191,MON_M002_A03a_B,5,0,7,39,109,224,2,2,2,2,2,23,24,25,26,27,0,0,0,0,0
192,MON_M010_A01a,5,0,7,39,109,224,2,2,2,2,2,26,27,28,29,30,0,0,0,0,0
193,MON_M010_A02a,5,0,6,36,101,208,3,3,3,3,3,31,32,33,34,35,0,0,0,0,0
194,MON_M010_B02a,5,0,6,33,93,192,4,4,4,4,4,39,40,41,42,43,0,0,0,0,0
195,MON_M010_A04a,5,0,6,36,101,208,3,3,3,3,3,33,34,35,36,37,0,0,0,0,0
196,MON_M011_A01a,5,0,5,31,85,176,5,5,5,5,5,45,46,47,48,50,0,0,0,0,0
197,MON_M011_B02a,5,0,4,25,70,144,7,7,7,7,7,54,55,56,58,60,0,0,0,0,0
198,MON_M012_A03a,5,0,6,36,101,208,3,3,3,3,3,49,50,51,52,54,0,0,0,0,0
199,MON_M012_A04a,5,0,6,36,101,208,3,3,3,3,3,49,50,51,52,54,0,0,0,0,0
200,MON_M021_A01a,5,0,6,36,101,208,3,3,3,3,3,35,36,37,38,39,0,0,0,0,0
201,MON_M021_A02a,5,0,6,33,93,192,4,4,4,4,4,59,60,61,63,65,0,0,0,0,0
202,MON_M021_A03a,5,0,5,31,85,176,5,5,5,5,5,43,44,45,46,48,0,0,0,0,0
203,MON_M021_A04a,5,0,5,31,85,176,5,5,5,5,5,44,45,46,47,49,0,0,0,0,0
204,MON_M021_A05a,5,0,5,28,77,160,6,6,6,6,6,55,56,57,59,61,0,0,0,0,0
205,MON_M022_A02a,5,0,6,36,101,208,3,3,3,3,3,15,16,17,18,19,0,0,0,0,0
206,MON_M022_A03a,5,0,6,33,93,192,4,4,4,4,4,35,36,37,38,39,0,0,0,0,0
207,MON_M023_A01a,5,0,7,42,116,240,1,1,1,1,1,22,23,24,25,26,0,0,0,0,0
208,MON_M023_A03a,5,0,6,33,93,192,4,4,4,4,4,19,20,21,22,23,0,0,0,0,0
209,MON_M030_A01a,5,0,7,42,116,240,1,1,1,1,1,23,24,25,26,27,0,0,0,0,0
210,MON_M030_A04a,5,0,6,36,101,208,3,3,3,3,3,33,34,35,36,37,0,0,0,0,0
211,MON_M030_A02a,5,0,6,36,101,208,3,3,3,3,3,15,16,17,18,19,0,0,0,0,0
212,MON_M031_A01a,5,0,7,39,109,224,2,2,2,2,2,25,26,27,28,29,0,0,0,0,0
213,MON_M031_A01a_A,5,0,6,36,101,208,3,3,3,3,3,32,33,34,35,36,0,0,0,0,0
214,MON_M031_A04a,5,0,6,36,101,208,3,3,3,3,3,34,35,36,37,38,0,0,0,0,0
215,MON_M031_B01a,1,0,7,19,109,224,2,2,2,2,2,0,1,2,3,4,0,0,0,0,0
216,MON_M032_A01a,5,0,6,36,101,208,3,3,3,3,3,60,61,62,64,66,0,0,0,0,0
217,MON_M032_A01a_A,5,0,6,36,101,208,3,3,3,3,3,35,36,37,38,39,0,0,0,0,0
218,MON_M032_A02a,5,0,5,31,85,176,5,5,5,5,5,45,46,47,48,50,0,0,0,0,0
219,MON_M032_B01a,5,0,5,28,77,160,6,6,6,6,6,46,47,48,49,51,0,0,0,0,0
220,MON_M032_B02a,5,0,4,25,70,144,7,7,7,7,7,90,91,93,95,98,0,0,0,0,0
221,MON_M040_A01a,5,0,7,42,116,240,1,1,1,1,1,21,22,23,24,25,0,0,0,0,0
222,MON_M040_A03a,5,0,6,33,93,192,4,4,4,4,4,68,69,71,73,75,0,0,0,0,0
223,MON_M040_A04a,5,0,6,36,101,208,3,3,3,3,3,31,32,33,34,35,0,0,0,0,0
224,MON_M040_B02a,5,0,5,28,77,160,6,6,6,6,6,48,49,50,51,53,0,0,0,0,0
225,MON_M041_A02a,5,0,6,33,93,192,4,4,4,4,4,40,41,42,43,45,0,0,0,0,0
226,MON_M041_B01a,5,0,6,33,93,192,4,4,4,4,4,43,44,45,46,48,0,0,0,0,0
227,MON_M041_B01a_A,5,0,6,36,101,208,3,3,3,3,3,28,29,30,31,32,0,0,0,0,0
228,MON_M041_B03a,5,0,5,28,77,160,6,6,6,6,6,63,64,65,67,69,0,0,0,0,0
229,MON_M042_A02a,5,0,6,36,101,208,3,3,3,3,3,35,36,37,38,39,0,0,0,0,0
230,MON_M042_A03a,5,0,5,31,85,176,5,5,5,5,5,45,46,47,48,50,0,0,0,0,0
231,MON_M042_A01a,5,0,6,33,93,192,4,4,4,4,4,31,32,33,34,35,0,0,0,0,0
232,MON_M042_A04a,5,0,5,31,85,176,5,5,5,5,5,44,45,46,47,49,0,0,0,0,0
233,MON_M050_A06a,5,0,6,36,101,208,3,3,3,3,3,25,26,27,28,29,0,0,0,0,0
234,MON_M050_B02a,5,0,5,28,77,160,6,6,6,6,6,28,29,30,31,32,0,0,0,0,0
235,MON_M051_A01a,5,0,6,36,101,208,3,3,3,3,3,26,27,28,29,30,0,0,0,0,0
236,MON_M051_B01a,5,0,5,31,85,176,5,5,5,5,5,44,45,46,47,49,0,0,0,0,0
237,MON_M051_B02a,5,0,5,28,77,160,6,6,6,6,6,49,50,51,52,54,0,0,0,0,0
238,MON_M052_A01a,5,0,6,36,101,208,3,3,3,3,3,33,34,35,36,37,0,0,0,0,0
239,MON_M052_B02a,5,0,4,25,70,144,7,7,7,7,7,70,71,73,75,77,0,0,0,0,0
240,MON_M070_A01a,5,0,7,42,116,240,1,1,1,1,1,24,25,26,27,28,0,0,0,0,0
241,MON_M070_A02a,5,0,6,36,101,208,3,3,3,3,3,31,32,33,34,35,0,0,0,0,0
242,MON_M070_A03a,5,0,5,31,85,176,5,5,5,5,5,45,46,47,48,50,0,0,0,0,0
243,MON_M070_A04a,5,0,6,33,93,192,4,4,4,4,4,41,42,43,44,46,0,0,0,0,0
244,MON_M071_A02a,5,0,6,36,101,208,3,3,3,3,3,34,35,36,37,38,0,0,0,0,0
245,MON_M071_A03a,5,0,6,33,93,192,4,4,4,4,4,37,38,39,40,41,0,0,0,0,0
246,MON_M071_B01a,5,0,5,31,85,176,5,5,5,5,5,22,23,24,25,26,0,0,0,0,0
247,MON_M072_A01a,5,0,7,39,109,224,2,2,2,2,2,28,29,30,31,32,0,0,0,0,0
248,MON_M072_B03a,5,0,6,33,93,192,4,4,4,4,4,57,58,59,61,63,0,0,0,0,0
249,MON_M072_B03a_A,5,0,6,36,101,208,3,3,3,3,3,22,23,24,25,26,0,0,0,0,0
250,MON_M072_B01a,5,0,5,31,85,176,5,5,5,5,5,42,43,44,45,47,0,0,0,0,0
251,MON_M080_A01a,5,0,7,42,116,240,1,1,1,1,1,21,22,23,24,25,0,0,0,0,0
252,MON_M080_A05a,5,0,6,36,101,208,3,3,3,3,3,32,33,34,35,36,0,0,0,0,0
253,MON_M080_A04a,5,0,6,33,93,192,4,4,4,4,4,38,39,40,41,42,0,0,0,0,0
254,MON_M080_A03a,5,0,5,31,85,176,5,5,5,5,5,45,46,47,48,50,0,0,0,0,0
255,MON_M081_A01a,5,0,7,42,116,240,1,1,1,1,1,19,20,21,22,23,0,0,0,0,0
256,MON_M081_A01a_A,5,0,7,42,116,240,1,1,1,1,1,19,20,21,22,23,0,0,0,0,0
257,MON_M081_A05a,5,0,7,39,109,224,2,2,2,2,2,23,24,25,26,27,0,0,0,0,0
258,MON_M081_A05a_A,5,0,7,42,116,240,1,1,1,1,1,16,17,18,19,20,0,0,0,0,0
259,MON_M081_A03a,5,0,6,33,93,192,4,4,4,4,4,33,34,35,36,37,0,0,0,0,0
260,MON_M081_A03a_A,5,0,6,36,101,208,3,3,3,3,3,27,28,29,30,31,0,0,0,0,0
261,MON_M082_A03a,5,0,7,39,109,224,2,2,2,2,2,42,43,44,45,47,0,0,0,0,0
262,MON_M082_A02a,5,0,7,42,116,240,1,1,1,1,1,22,23,24,25,26,0,0,0,0,0
263,MON_M090_A04a,5,0,6,36,101,208,3,3,3,3,3,33,34,35,36,37,0,0,0,0,0
264,MON_M090_A01a,3,0,3,18,999,999,3,2,1,1,1,0,0,0,0,0,0,0,0,0,0
265,MON_M090_A02a,3,0,3,18,999,999,3,2,1,1,1,0,0,0,0,0,0,0,0,0,0
266,MON_M100_A01a,5,0,6,36,101,208,3,3,3,3,3,34,35,36,37,38,0,0,0,0,0
267,MON_M100_B01a,5,0,6,33,93,192,4,4,4,4,4,34,35,36,37,38,0,0,0,0,0
268,MON_M100_B01a_A,5,0,7,39,109,224,2,2,2,2,2,14,15,16,17,18,0,0,0,0,0
269,MON_M100_B02a,5,0,5,28,77,160,6,6,6,6,6,47,48,49,50,52,0,0,0,0,0
270,MON_M101_A01a,5,0,7,39,109,224,2,2,2,2,2,27,28,29,30,31,0,0,0,0,0
271,MON_M101_A04a,5,0,6,33,93,192,4,4,4,4,4,39,40,41,42,43,0,0,0,0,0
272,MON_M101_A02a,5,0,6,33,93,192,4,4,4,4,4,62,63,64,66,68,0,0,0,0,0
273,MON_M101_B01a,5,0,6,33,93,192,4,4,4,4,4,70,71,73,75,77,0,0,0,0,0
274,MON_M102_A03a,5,0,7,42,116,240,1,1,1,1,1,19,20,21,22,23,0,0,0,0,0
275,MON_M102_A08a,5,0,6,36,101,208,3,3,3,3,3,32,33,34,35,36,0,0,0,0,0
276,MON_M102_A04a,1,0,6,18,101,208,3,3,3,3,3,0,1,2,3,4,0,0,0,0,0
277,MON_M102_A06a,1,0,6,16,93,192,4,4,4,4,4,0,1,2,3,4,0,0,0,0,0
278,MON_M102_A01a,1,0,7,19,109,224,2,2,2,2,2,0,1,2,3,4,0,0,0,0,0
279,MON_M102_A07a,5,0,6,36,101,208,3,3,3,3,3,32,33,34,35,36,0,0,0,0,0
280,MAG_MG_A_01_Mo01,5,0,4,14,39,80,2,2,2,2,2,40,42,44,46,49,1,1,1,1,1
281,MAG_MG_A_02_Mo02,3,0,1,6,-36,-36,3,2,1,1,1,0,0,0,0,0,1,1,1,1,1
282,MAG_MG_A_03_Mo03,5,0,3,13,36,74,3,3,3,3,3,78,80,83,86,89,2,2,2,2,2
283,MAG_MG_A_04_Mo04,3,0,1,6,-36,-36,3,2,1,1,1,0,0,0,0,0,1,1,1,1,1
284,MAG_MG_A_05_Mo05,5,0,3,12,33,69,4,4,4,4,4,55,57,59,62,65,1,1,1,1,1
285,MAG_MG_B_01_Ka01,5,0,4,14,39,80,2,2,2,2,2,42,44,46,48,51,1,1,1,1,1
286,MAG_MG_B_02_Ka02,3,0,1,6,-36,-36,3,2,1,1,1,0,0,0,0,0,1,1,1,1,1
287,MAG_MG_B_03_Ka03,5,0,3,12,33,69,4,4,4,4,4,41,43,45,47,50,2,2,2,2,2
288,MAG_MG_B_04_Ka04,3,0,1,6,-36,-36,4,3,2,2,2,0,0,0,0,0,1,1,1,1,1
289,MAG_MG_B_05_Ka05,5,0,3,12,33,69,4,4,4,4,4,84,86,89,92,96,2,2,2,2,2
290,MAG_MG_C_01_Do01,5,0,4,14,39,80,2,2,2,2,2,33,35,37,39,41,1,1,1,1,1
291,MAG_MG_C_02_Do02,3,0,3,6,36,74,3,2,1,1,1,0,0,0,0,0,1,1,1,1,1
292,MAG_MG_C_03_Do03,5,0,3,12,33,69,4,4,4,4,4,37,39,41,43,45,2,2,2,2,2
293,MAG_MG_C_04_Do04,3,0,1,6,-36,-36,3,2,1,1,1,0,0,0,0,0,1,1,1,1,1
294,MAG_MG_C_05_Do05,5,0,3,12,33,69,4,4,4,4,4,30,32,34,36,38,1,1,1,1,1
295,MAG_MG_D_01_Ki01,5,0,4,14,39,80,2,2,2,2,2,41,43,45,47,50,1,1,1,1,1
296,MAG_MG_D_02_Ki02,3,0,1,6,-36,-36,3,2,1,1,1,0,0,0,0,0,1,1,1,1,1
297,MAG_MG_D_03_Ki03,5,0,3,12,33,69,4,4,4,4,4,39,41,43,45,47,2,2,2,2,2
298,MAG_MG_D_04_Ki04,3,0,1,6,-36,-36,3,2,1,1,1,0,0,0,0,0,1,1,1,1,1
299,MAG_MG_D_05_Ki05,5,0,3,11,30,63,5,5,5,5,5,52,54,56,59,62,2,2,2,2,2
300,MAG_MG_E_01_Su01,5,0,4,14,39,80,2,2,2,2,2,40,42,44,46,49,1,1,1,1,1
301,MAG_MG_E_02_Su02,3,0,1,6,-36,-36,3,2,1,1,1,0,0,0,0,0,1,1,1,1,1
302,MAG_MG_E_03_Su03,5,0,3,13,36,74,3,3,3,3,3,51,53,55,58,61,1,1,1,1,1
303,MAG_MG_E_04_Su04,3,0,1,6,-36,-36,4,3,3,3,3,0,0,0,0,0,2,2,1,1,1
304,MAG_MG_E_05_Su05,5,0,3,11,30,63,5,5,5,5,5,50,52,54,57,60,2,2,2,2,2
305,OHS_WL000_A01_EX1,5,0,7,39,109,224,2,2,2,2,2,27,28,29,30,31,0,0,0,0,0
306,OHS_WL000_A01_EX2,5,0,7,42,116,240,1,1,1,1,1,21,22,23,24,25,0,0,0,0,0
307,OHS_WL000_A02_EX1,5,0,7,42,116,240,1,1,1,1,1,21,22,23,24,25,0,0,0,0,0
308,OHS_WL000_A04_EX1,5,0,7,39,109,224,2,2,2,2,2,30,31,32,33,34,0,0,0,0,0
309,OHS_WL000_B01_EX1,5,0,6,36,101,208,3,3,3,3,3,33,34,35,36,37,0,0,0,0,0
310,OHS_WLLSW_B01_EX1,5,0,6,36,101,208,3,3,3,3,3,33,34,35,36,37,0,0,0,0,0
311,OHS_WLLSW_B02_EX1,5,0,6,33,93,192,4,4,4,4,4,32,33,34,35,36,0,0,0,0,0
312,OHS_WLLSW_B03_EX1,5,0,6,36,101,208,3,3,3,3,3,34,35,36,37,38,0,0,0,0,0
313,OHS_WLLSW_B04_EX1,5,0,5,28,77,160,6,6,6,6,6,54,55,56,58,60,0,0,0,0,0
314,OHS_WLRAP_A01_EX1,5,0,7,39,109,224,2,2,2,2,2,24,25,26,27,28,0,0,0,0,0
315,OHS_WLRAP_A02_EX1,5,0,6,36,101,208,3,3,3,3,3,26,27,28,29,30,0,0,0,0,0
316,OHS_WLRAP_B01_EX1,5,0,6,36,101,208,3,3,3,3,3,16,17,18,19,20,0,0,0,0,0
317,OHS_WLRAP_B02_EX1,5,0,5,31,85,176,5,5,5,5,5,80,81,83,85,88,0,0,0,0,0
318,OHS_WLDAG_A01_EX1,5,0,6,36,101,208,3,3,3,3,3,39,40,41,42,43,0,0,0,0,0
319,OHS_WLDAG_B01_EX1,5,0,6,36,101,208,3,3,3,3,3,31,32,33,34,35,0,0,0,0,0
320,OHS_WLDAG_B02_EX1,5,0,6,33,93,192,4,4,4,4,4,60,61,62,64,66,0,0,0,0,0
321,OHS_WLDAG_B03_EX1,5,0,6,33,93,192,4,4,4,4,4,34,35,36,37,38,0,0,0,0,0
322,OHS_WLAXE_A01_EX1,5,0,7,39,109,224,2,2,2,2,2,26,27,28,29,30,0,0,0,0,0
323,OHS_WLAXE_B01_EX1,5,0,6,36,101,208,3,3,3,3,3,35,36,37,38,39,0,0,0,0,0
324,OHS_WLAXE_B02_EX1,5,0,6,36,101,208,3,3,3,3,3,31,32,33,34,35,0,0,0,0,0
325,OHS_WLAXE_B03_EX1,5,0,5,31,85,176,5,5,5,5,5,45,46,47,48,50,0,0,0,0,0
326,THS_WH000_A01_EX1,5,0,7,39,109,224,2,2,2,2,2,31,32,33,34,35,0,0,0,0,0
327,THS_WH000_A01_EX2,5,0,7,39,109,224,2,2,2,2,2,30,31,32,33,34,0,0,0,0,0
328,THS_WH000_A02_EX1,5,0,6,36,101,208,3,3,3,3,3,53,54,55,57,59,0,0,0,0,0
329,THS_WH000_A04_EX1,5,0,5,31,85,176,5,5,5,5,5,49,50,51,52,54,0,0,0,0,0
330,THS_WH000_B01_EX1,5,0,4,25,70,144,7,7,7,7,7,33,34,35,36,37,0,0,0,0,0
331,THS_WHGSW_A01_EX1,5,0,6,36,101,208,3,3,3,3,3,42,43,44,45,47,0,0,0,0,0
332,THS_WHGSW_B01_EX1,5,0,6,33,93,192,4,4,4,4,4,41,42,43,44,46,0,0,0,0,0
333,THS_WHGSW_B02_EX1,5,0,6,36,101,208,3,3,3,3,3,36,37,38,39,40,0,0,0,0,0
334,THS_WHGSW_B03_EX1,5,0,5,31,85,176,5,5,5,5,5,56,57,58,60,62,0,0,0,0,0
335,THS_WHGSW_B04_EX1,5,0,5,28,77,160,6,6,6,6,6,58,59,60,62,64,0,0,0,0,0
336,THS_WHSSW_A01_EX1,5,0,7,39,109,224,2,2,2,2,2,30,31,32,33,34,0,0,0,0,0
337,THS_WHSSW_B01_EX1,5,0,6,36,101,208,3,3,3,3,3,45,46,47,48,50,0,0,0,0,0
338,THS_WHSSW_B02_EX1,5,0,6,33,93,192,4,4,4,4,4,44,45,46,47,49,0,0,0,0,0
339,THS_WHSSW_B03_EX1,5,0,6,36,101,208,3,3,3,3,3,43,44,45,46,48,0,0,0,0,0
340,THS_WHSSW_B04_EX1,5,0,6,36,101,208,3,3,3,3,3,35,36,37,38,39,0,0,0,0,0
341,THS_WHPSW_A01_EX1,5,0,6,36,101,208,3,3,3,3,3,35,36,37,38,39,0,0,0,0,0
342,THS_WHPSW_B01_EX1,5,0,6,33,93,192,4,4,4,4,4,47,48,49,50,52,0,0,0,0,0
343,THS_WHPSW_B02_EX1,5,0,6,36,101,208,3,3,3,3,3,35,36,37,38,39,0,0,0,0,0
344,THS_WHPSW_B03_EX1,5,0,7,39,109,224,2,2,2,2,2,31,32,33,34,35,0,0,0,0,0
345,THS_WHPSW_B04_EX1,5,0,6,33,93,192,4,4,4,4,4,39,40,41,42,43,0,0,0,0,0
346,OHG_GL000_A01_EX1,5,0,7,39,109,224,2,2,2,2,2,28,29,30,31,32,0,0,0,0,0
347,OHG_GL000_A01_EX2,5,0,7,42,116,240,1,1,1,1,1,19,20,21,22,23,0,0,0,0,0
348,OHG_GL000_A02_EX1,5,0,7,39,109,224,2,2,2,2,2,22,23,24,25,26,0,0,0,0,0
349,OHG_GL000_A04_EX1,5,0,7,39,109,224,2,2,2,2,2,21,22,23,24,25,0,0,0,0,0
350,OHG_GL000_A05_EX1,5,0,6,36,101,208,3,3,3,3,3,35,36,37,38,39,0,0,0,0,0
351,OHG_GL000_B01_EX1,5,0,6,36,101,208,3,3,3,3,3,59,60,61,63,65,0,0,0,0,0
352,OHG_GL000_B03_EX1,5,0,6,33,93,192,4,4,4,4,4,33,34,35,36,37,0,0,0,0,0
353,OHG_GL000_B04_EX1,5,0,6,33,93,192,4,4,4,4,4,36,37,38,39,40,0,0,0,0,0
354,OHG_GL000_B05_EX1,5,0,5,31,85,176,5,5,5,5,5,36,37,38,39,40,0,0,0,0,0
355,OHG_GL000_B06_EX1,5,0,6,36,101,208,3,3,3,3,3,25,26,27,28,29,0,0,0,0,0
356,OHG_GL000_B08_EX1,5,0,5,31,85,176,5,5,5,5,5,43,44,45,46,48,0,0,0,0,0
357,THG_GH000_A01_EX1,5,0,7,39,109,224,2,2,2,2,2,25,26,27,28,29,0,0,0,0,0
358,THG_GH000_A01_EX2,5,0,6,36,101,208,3,3,3,3,3,41,42,43,44,46,0,0,0,0,0
359,THG_GH000_A02_EX1,5,0,6,36,101,208,3,3,3,3,3,41,42,43,44,46,0,0,0,0,0
360,THG_GH000_A03_EX1,5,0,6,33,93,192,4,4,4,4,4,46,47,48,49,51,0,0,0,0,0
361,THG_GH000_A04_EX1,5,0,5,28,77,160,6,6,6,6,6,60,61,62,64,66,0,0,0,0,0
362,THG_GH000_B01_EX1,5,0,6,36,101,208,3,3,3,3,3,40,41,42,43,45,0,0,0,0,0
363,THG_GH000_B02_EX1,5,0,6,33,93,192,4,4,4,4,4,25,26,27,28,29,0,0,0,0,0
364,THG_GHMAC_A01_EX1,5,0,7,39,109,224,2,2,2,2,2,39,40,41,42,43,0,0,0,0,0
365,THG_GHMAC_B01_EX1,5,0,6,33,93,192,4,4,4,4,4,25,26,27,28,29,0,0,0,0,0
366,THG_GHMAC_B02_EX1,5,0,6,33,93,192,4,4,4,4,4,56,57,58,60,62,0,0,0,0,0
367,THG_GHFLA_A01_EX1,5,0,6,33,93,192,4,4,4,4,4,93,94,96,98,101,0,0,0,0,0
368,THG_GHFLA_B01_EX1,5,0,6,33,93,192,4,4,4,4,4,82,83,85,87,90,0,0,0,0,0
369,THG_GHFLA_B02_EX1,5,0,6,36,101,208,3,3,3,3,3,43,44,45,46,48,0,0,0,0,0
370,THG_GHELE_A01_EX1,5,0,6,36,101,208,3,3,3,3,3,20,21,22,23,24,0,0,0,0,0
371,THG_GHELE_A02_EX1,5,0,6,33,93,192,4,4,4,4,4,46,47,48,49,51,0,0,0,0,0
372,THG_GHELE_B01_EX1,5,0,5,31,85,176,5,5,5,5,5,51,52,53,55,57,0,0,0,0,0
373,THG_GHBOM_A01_EX1,5,0,6,33,93,192,4,4,4,4,4,28,29,30,31,32,0,0,0,0,0
374,THG_GHBOM_B01_EX1,5,0,6,36,101,208,3,3,3,3,3,40,41,42,43,45,0,0,0,0,0
375,THG_GHBOM_B02_EX1,5,0,5,31,85,176,5,5,5,5,5,29,30,31,32,33,0,0,0,0,0
376,THG_GHCHE_A01_EX1,5,0,6,33,93,192,4,4,4,4,4,46,47,48,49,51,0,0,0,0,0
377,THG_GHCHE_B01_EX1,5,0,6,36,101,208,3,3,3,3,3,38,39,40,41,42,0,0,0,0,0
378,THG_GHCHE_B02_EX1,5,0,5,31,85,176,5,5,5,5,5,52,53,54,56,58,0,0,0,0,0
379,MAR_MA000_A01_EX1,5,0,7,42,116,240,1,1,1,1,1,15,16,17,18,19,0,0,0,0,0
380,MAR_MA000_A07_EX1,5,0,7,39,109,224,2,2,2,2,2,23,24,25,26,27,0,0,0,0,0
381,MAR_MA000_B03_EX1,5,0,6,36,101,208,3,3,3,3,3,55,56,57,59,61,0,0,0,0,0
382,MAR_MA000_B06_EX1,5,0,6,36,101,208,3,3,3,3,3,28,29,30,31,32,0,0,0,0,0
383,MAR_MA000_B08_EX1,5,0,5,31,85,176,5,5,5,5,5,42,43,44,45,47,0,0,0,0,0
384,MAR_MA000_A02_EX1,5,0,7,42,116,240,1,1,1,1,1,23,24,25,26,27,0,0,0,0,0
385,MAR_MA000_A08_EX1,5,0,7,39,109,224,2,2,2,2,2,28,29,30,31,32,0,0,0,0,0
386,MAR_MA000_B01_EX1,5,0,7,39,109,224,2,2,2,2,2,29,30,31,32,33,0,0,0,0,0
387,MAR_MA000_B04_EX1,5,0,5,31,85,176,5,5,5,5,5,45,46,47,48,50,0,0,0,0,0
388,MAR_MA000_B07_EX1,5,0,5,28,77,160,3,3,3,3,3,31,32,33,34,35,0,0,0,0,0
389,MAR_MA000_A04_EX1,5,0,7,39,109,224,2,2,2,2,2,25,26,27,28,29,0,0,0,0,0
390,MAR_MA000_A06_EX1,5,0,7,39,109,224,2,2,2,2,2,30,31,32,33,34,0,0,0,0,0
391,MAR_MA000_A09_EX1,5,0,6,36,101,208,3,3,3,3,3,54,55,56,58,60,0,0,0,0,0
392,MAR_MA000_B02_EX1,5,0,6,33,93,192,4,4,4,4,4,41,42,43,44,46,0,0,0,0,0
393,MAR_MA000_B09_EX1,5,0,6,36,101,208,3,3,3,3,3,30,31,32,33,34,0,0,0,0,0
394,OHS_WL000_A04_BLD01,5,0,7,42,116,240,1,1,1,1,1,26,27,28,29,30,0,0,0,0,0
395,OHS_WL000_A04_BLD02,5,0,7,39,109,224,2,2,2,2,2,39,40,41,42,43,0,0,0,0,0
396,OHS_WL000_A04_BLD03,5,0,6,36,101,208,3,3,3,3,3,51,52,53,55,57,0,0,0,0,0
397,OHS_WL000_B01_BLD01,5,0,6,33,93,192,4,4,4,4,4,45,46,47,48,50,0,0,0,0,0
398,OHS_WL000_B01_BLD02,5,0,5,31,85,176,5,5,5,5,5,60,61,62,64,66,0,0,0,0,0
399,THS_WH000_A02_BLD03,5,0,6,36,101,208,3,3,3,3,3,88,89,91,93,96,0,0,0,0,0
400,THS_WH000_A04_BLD01,5,0,7,39,109,224,2,2,2,2,2,30,31,32,33,34,0,0,0,0,0
401,THS_WH000_A04_BLD02,5,0,5,31,85,176,5,5,5,5,5,67,68,70,72,74,0,0,0,0,0
402,THS_WH000_B01_BLD01,5,0,6,36,101,208,3,3,3,3,3,25,26,27,28,29,0,0,0,0,0
403,THS_WH000_B01_BLD02,5,0,6,33,93,192,4,4,4,4,4,28,29,30,31,32,0,0,0,0,0
404,OHG_GL000_B03_BLD01,5,0,6,36,101,208,3,3,3,3,3,23,24,25,26,27,0,0,0,0,0
405,OHG_GL000_B03_BLD02,5,0,6,33,93,192,4,4,4,4,4,32,33,34,35,36,0,0,0,0,0
406,OHG_GL000_B04_BLD01,5,0,7,42,116,240,1,1,1,1,1,17,18,19,20,21,0,0,0,0,0
407,OHG_GL000_B04_BLD02,5,0,6,33,93,192,4,4,4,4,4,39,40,41,42,43,0,0,0,0,0
408,OHG_GL000_B05_BLD01,5,0,7,39,109,224,2,2,2,2,2,28,29,30,31,32,0,0,0,0,0
409,THG_GH000_A02_BLD01,5,0,7,42,116,240,1,1,1,1,1,37,38,39,40,41,0,0,0,0,0
410,THG_GH000_A02_BLD02,5,0,6,36,101,208,3,3,3,3,3,48,49,50,51,53,0,0,0,0,0
411,THG_GH000_A03_BLD01,5,0,6,33,93,192,4,4,4,4,4,64,65,66,68,70,0,0,0,0,0
412,THG_GH000_B01_BLD01,5,0,7,39,109,224,2,2,2,2,2,41,42,43,44,46,0,0,0,0,0
413,THG_GH000_B02_BLD01,5,0,6,33,93,192,4,4,4,4,4,35,36,37,38,39,0,0,0,0,0
414,THG_GH000_B02_BLD02,5,0,5,31,85,176,5,5,5,5,5,35,36,37,38,39,0,0,0,0,0
415,MAR_MA000_B06_BLD01,5,0,7,39,109,224,2,2,2,2,2,28,29,30,31,32,0,0,0,0,0
416,MAR_MA000_B06_BLD02,5,0,6,36,101,208,3,3,3,3,3,38,39,40,41,42,0,0,0,0,0
417,MAR_MA000_B01_BLD01,5,0,7,42,116,240,1,1,1,1,1,22,23,24,25,26,0,0,0,0,0
418,MAR_MA000_B01_BLD02,5,0,6,33,93,192,4,4,4,4,4,43,44,45,46,48,0,0,0,0,0
419,MAR_MA000_B09_BLD01,5,0,6,36,101,208,3,3,3,3,3,83,84,86,88,91,0,0,0,0,0
420,OHS_WL000_A01_UN1,5,0,7,39,109,224,2,2,2,2,2,29,30,31,32,33,0,0,0,0,0
421,OHS_WL000_A01_UN2,5,0,7,39,109,224,2,2,2,2,2,29,30,31,32,33,0,0,0,0,0
422,OHS_WL000_A04_UN1,5,0,7,39,109,224,2,2,2,2,2,28,29,30,31,32,0,0,0,0,0
423,OHS_WLAXE_A01_UN1,5,0,7,39,109,224,2,2,2,2,2,31,32,33,34,35,0,0,0,0,0
424,THS_WH000_A01_UN1,5,0,7,39,109,224,2,2,2,2,2,31,32,33,34,35,0,0,0,0,0
425,THS_WH000_A02_UN1,5,0,7,42,116,240,1,1,1,1,1,23,24,25,26,27,0,0,0,0,0
426,THS_WHPSW_B01_UN1,5,0,6,36,101,208,3,3,3,3,3,40,41,42,43,45,0,0,0,0,0
427,OHG_GL000_B06_UN1,5,0,7,39,109,224,2,2,2,2,2,22,23,24,25,26,0,0,0,0,0
428,THG_GH000_A01_UN1,5,0,7,42,116,240,1,1,1,1,1,14,15,16,17,18,0,0,0,0,0
429,ARTS_001_UN,5,0,7,39,109,224,2,2,2,2,2,26,27,28,29,30,0,0,0,0,0
430,ARTS_002_UN,5,0,7,42,116,240,1,1,1,1,1,14,15,16,17,18,0,0,0,0,0
431,ARTS_003_UN,5,0,7,42,116,240,1,1,1,1,1,14,15,16,17,18,0,0,0,0,0
432,ARTS_004_UN,5,0,7,42,116,240,1,1,1,1,1,14,15,16,17,18,0,0,0,0,0
433,ARTS_005_UN,5,0,7,42,116,240,1,1,1,1,1,14,15,16,17,18,0,0,0,0,0
434,ARTS_006_UN,5,0,7,42,116,240,1,1,1,1,1,14,15,16,17,18,0,0,0,0,0
435,ARTS_007_UN,5,0,7,42,116,240,1,1,1,1,1,14,15,16,17,18,0,0,0,0,0
436,ARTS_008_UN,5,0,7,42,116,240,1,1,1,1,1,14,15,16,17,18,0,0,0,0,0
437,ARTS_009_UN,5,0,7,42,116,240,1,1,1,1,1,14,15,16,17,18,0,0,0,0,0
438,ARTS_010_UN,5,0,7,42,116,240,1,1,1,1,1,14,15,16,17,18,0,0,0,0,0
439,ARTS_011_UN,5,0,7,42,116,240,1,1,1,1,1,14,15,16,17,18,0,0,0,0,0
440,ARTS_012_UN,5,0,7,42,116,240,1,1,1,1,1,14,15,16,17,18,0,0,0,0,0
441,ARTS_013_UN,5,0,7,42,116,240,1,1,1,1,1,14,15,16,17,18,0,0,0,0,0
442,ARTS_014_UN,5,0,7,42,116,240,1,1,1,1,1,14,15,16,17,18,0,0,0,0,0
443,ARTS_015_UN,5,0,7,42,116,240,1,1,1,1,1,14,15,16,17,18,0,0,0,0,0
444,ARTS_016_UN,5,0,7,42,116,240,1,1,1,1,1,14,15,16,17,18,0,0,0,0,0
445,ARTS_017_UN,5,0,7,42,116,240,1,1,1,1,1,14,15,16,17,18,0,0,0,0,0
446,ARTS_018_UN,5,0,7,42,116,240,1,1,1,1,1,14,15,16,17,18,0,0,0,0,0
447,ARTS_019_UN,5,0,7,42,116,240,1,1,1,1,1,14,15,16,17,18,0,0,0,0,0
448,ARTS_020_UN,5,0,7,42,116,240,1,1,1,1,1,14,15,16,17,18,0,0,0,0,0
449,SOUL_E_M0700_A,5,0,7,39,109,224,2,2,2,2,2,30,31,32,33,34,0,0,0,0,0
450,SOUL_E_M0000_A,5,0,7,39,109,224,2,2,2,2,2,26,27,28,29,30,0,0,0,0,0
451,SOUL_E_M0310_A,3,0,3,36,999,999,3,2,1,1,1,100,100,100,100,100,0,0,0,0,0
452,SOUL_E_M0720_A,5,0,6,36,101,208,3,3,3,3,3,33,34,35,36,37,0,0,0,0,0
453,SOUL_E_M1000_A,5,0,6,36,101,208,3,3,3,3,3,60,61,62,64,66,0,0,0,0,0
454,SOUL_E_M0520_A,5,0,5,28,77,160,5,5,5,5,5,48,49,50,51,53,0,0,0,0,0
455,SOUL_E_M1020_A,5,0,6,36,101,208,3,3,3,3,3,36,37,38,39,40,0,0,0,0,0
456,SOUL_E_M0100_A,5,0,6,36,101,208,3,3,3,3,3,39,40,41,42,43,0,0,0,0,0
457,SOUL_E_M0010_A,3,0,3,33,999,999,4,3,2,2,2,75,75,75,75,75,0,0,0,0,0
458,SOUL_E_M0210_A,5,0,5,31,85,176,5,5,5,5,5,51,52,53,55,57,0,0,0,0,0
459,SOUL_E_M0410_A,5,0,6,36,101,208,3,3,3,3,3,21,22,23,24,25,0,0,0,0,0
460,SOUL_E_M2200_A,5,0,7,39,109,224,2,2,2,2,2,13,14,15,16,17,0,0,0,0,0
461,SOUL_E_M0800_A,5,0,7,39,109,224,2,2,2,2,2,26,27,28,29,30,0,0,0,0,0
462,SOUL_E_M0120_A,5,0,6,36,101,208,3,3,3,3,3,60,61,62,64,66,0,0,0,0,0
463,SOUL_E_M0300_A,5,0,6,36,101,208,3,3,3,3,3,32,33,34,35,36,0,0,0,0,0
464,SOUL_E_M0510_A,5,0,7,39,109,224,2,2,2,2,2,20,21,22,23,24,0,0,0,0,0
465,SOUL_E_M0820_A,5,0,7,39,109,224,2,2,2,2,2,28,29,30,31,32,0,0,0,0,0
466,SOUL_E_M2100_A,5,0,6,33,93,192,4,4,4,4,4,34,35,36,37,38,0,0,0,0,0
467,SOUL_E_M0230_A,5,0,7,42,116,240,1,1,1,1,1,30,31,32,33,34,0,0,0,0,0
468,SOUL_E_M0320_A,5,0,6,36,101,208,3,3,3,3,3,39,40,41,42,43,0,0,0,0,0
469,SOUL_E_M0220_A,5,0,7,39,109,224,2,2,2,2,2,34,35,36,37,38,0,0,0,0,0
470,SOUL_E_M0710_A,5,0,6,33,93,192,4,4,4,4,4,46,47,48,49,51,0,0,0,0,0
471,SOUL_E_M1010_A,5,0,5,31,85,176,5,5,5,5,5,58,59,60,62,64,0,0,0,0,0
472,SOUL_E_M0900_A,5,0,6,33,93,192,4,4,4,4,4,24,25,26,27,28,0,0,0,0,0
473,SOUL_E_M0400_A,5,0,7,39,109,224,2,2,2,2,2,25,26,27,28,29,0,0,0,0,0
474,SOUL_E_M2000_A,5,0,6,36,101,208,3,3,3,3,3,30,31,32,33,34,0,0,0,0,0
475,SOUL_E_M0500_A,5,0,6,33,93,192,4,4,4,4,4,38,39,40,41,42,0,0,0,0,0
476,SOUL_E_M0420_A,5,0,6,33,93,192,4,4,4,4,4,38,39,40,41,42,0,0,0,0,0
477,SOUL_E_M0110_A,5,0,5,31,85,176,5,5,5,5,5,49,50,51,52,54,0,0,0,0,0
478,SOUL_E_M0020_A,5,0,6,36,101,208,3,3,3,3,3,34,35,36,37,38,0,0,0,0,0
479,SOUL_E_M0810_A,5,0,6,36,101,208,3,3,3,3,3,33,34,35,36,37,0,0,0,0,0
480,SL_RB_A_01_IHA01,1,0,3,19,999,999,2,1,1,1,1,0,0,0,0,0,0,0,0,0,0
481,SL_RB_A_02_IHA02,1,0,3,19,999,999,2,1,1,1,1,0,0,0,0,0,0,0,0,0,0
482,SL_RB_A_03_IHA03,1,0,3,18,999,999,3,2,1,1,1,0,0,0,0,0,0,0,0,0,0
483,SL_RB_A_04_IHA04,1,0,3,19,999,999,4,3,2,2,2,0,0,0,0,0,0,0,0,0,0
484,SL_RB_B_01_IHA05,1,0,3,18,999,999,3,2,1,1,1,0,0,0,0,0,0,0,0,0,0
485,SL_RB_B_02_IHA06,1,0,3,18,999,999,3,2,1,1,1,0,0,0,0,0,0,0,0,0,0
486,SL_RB_B_03_IHA07,1,0,3,18,999,999,3,2,1,1,1,0,0,0,0,0,0,0,0,0,0
487,SL_RB_B_04_IHA08,1,0,3,18,999,999,3,2,1,1,1,0,0,0,0,0,0,0,0,0,0
488,SL_RB_B_05_IHA09,1,0,3,19,999,999,2,1,1,1,1,0,0,0,0,0,0,0,0,0,0
489,SL_RB_C_01_IHA10,5,0,7,39,109,224,2,2,2,2,2,10,11,12,13,14,0,0,0,0,0
490,SL_RB_C_02_IHA11,5,0,7,39,109,224,1,1,1,1,1,11,12,13,14,15,0,0,0,0,0
491,SL_RB_C_03_IHA12,5,0,7,39,109,224,2,2,2,2,2,12,13,14,15,16,0,0,0,0,0
492,SL_RB_C_04_IHA13,5,0,7,39,109,224,2,2,2,2,2,10,11,12,13,14,0,0,0,0,0
493,SL_RB_C_05_IHA14,5,0,7,39,109,224,1,1,1,1,1,11,12,13,14,15,0,0,0,0,0
494,SL_RB_C_06_IHA15,5,0,7,39,109,224,1,1,1,1,1,13,14,15,16,17,0,0,0,0,0
